<?xml version="1.0" encoding="UTF-8" standalone="yes"?>
<addon id="script.power.off"
       name="Power off TV"
       version="1.0.1"
       provider-name="ddnyer">
  <requires>
    <import addon="xbmc.python" version="3.0.0"/>
  </requires>
  <extension point="xbmc.python.script"
            library="default.py">
    <provides>executable</provides>
  </extension>
  <extension point="xbmc.addon.metadata">
      <summary lang="en">Stop playback and enable screensaver</summary>
      <language></language>
      <description lang="en">Stop playback and enable screensaver</description>
      <license>GNU GENERAL PUBLIC LICENSE. Version 2, June 1991</license>
      <source>https://github.com/ddnyer/repository.ddnyer/tree/master/repo/script.power.off</source>
      <forum></forum>
      <email></email>
      <website></website>
  </extension>
</addon>
