<?xml version="1.0" encoding="UTF-8" standalone="yes"?>
<addon id="repository.ddnyer" version="0.1.0" name="DDE repository" provider-name="ddnyer">
	<requires>
		<import addon="xbmc.addon" version="12.0.0"/>
	</requires>
	<extension point="xbmc.addon.repository" name="DDE repository">
		<dir>
			<info compressed="false">https://raw.githubusercontent.com/ddnyer/repository.ddnyer/master/repo/addons.xml</info>
			<checksum>https://raw.githubusercontent.com/ddnyer/repository.ddnyer/master/repo/addons.xml.md5</checksum>
			<datadir zip="true">https://raw.githubusercontent.com/ddnyer/repository.ddnyer/master/repo/</datadir>
		</dir>
	</extension>
	<extension point="xbmc.addon.metadata">
		<summary lang="en">Kodi repository for DDE's addons</summary>
		<description lang="en">Kodi repository for DDE's addons.</description>
		<platform>all</platform>
		<assets>
			<icon>icon.png</icon>
		</assets>
	</extension>
</addon>